<?xml version="1.0" encoding="UTF-8"?>
<!DOCTYPE suite SYSTEM "http://testng.org/testng-1.0.dtd" >
<suite name="Suite" parallel="none">
	<parameter name="browser" value="chrome" />
	<parameter name="URL" value="http://10.31.101.14:5050/" />
	<test name="FPP_FunctionalTestSuite">
		<classes>
			<class name="test.TestSuite" />
		</classes>
	</test> <!-- Test -->
	<listeners>
		<listener class-name="testng.ReportsListener"></listener>
		<listener class-name="testng.ConfigurationListener"></listener>
		<listener class-name="testng.MethodListener"></listener>
	</listeners>
</suite> <!-- Suite -->